cohort,date,https://data.plantphenomics.org.au/ANU/UreaseInhibitor/ov_MeanDigitalBiomassMm³ForCohort,https://data.plantphenomics.org.au/ANU/UreaseInhibitor/ov_MeanGreennessAverageForCohort,https://data.plantphenomics.org.au/ANU/UreaseInhibitor/ov_MeanHeightMmForCohort,https://data.plantphenomics.org.au/ANU/UreaseInhibitor/ov_MeanHeightMaxMmForCohort,https://data.plantphenomics.org.au/ANU/UreaseInhibitor/ov_MeanHueAverageForCohort,https://data.plantphenomics.org.au/ANU/UreaseInhibitor/ov_MeanLeafAngleForCohort,https://data.plantphenomics.org.au/ANU/UreaseInhibitor/ov_MeanLeafAreaMm²ForCohort,https://data.plantphenomics.org.au/ANU/UreaseInhibitor/ov_MeanLeafAreaProjectedMm²ForCohort,https://data.plantphenomics.org.au/ANU/UreaseInhibitor/ov_MeanLeafAreaIndexMm²Mm²ForCohort,https://data.plantphenomics.org.au/ANU/UreaseInhibitor/ov_MeanLeafInclinationMm²Mm²ForCohort,https://data.plantphenomics.org.au/ANU/UreaseInhibitor/ov_MeanLightPenetrationDepthMmForCohort,https://data.plantphenomics.org.au/ANU/UreaseInhibitor/ov_MeanNDVIAverageForCohort,https://data.plantphenomics.org.au/ANU/UreaseInhibitor/ov_MeanNPCIAverageForCohort,https://data.plantphenomics.org.au/ANU/UreaseInhibitor/ov_MeanPSRIAverageForCohort
https://data.plantphenomics.org.au/ANU/UreaseInhibitor/bu_CohortCtU,2024-10-03,42586.9225,0.024538749999999998,36866.66125,22027.875,186600.3175,22009.375,47470.125,23861.4235,0.0,247801.625,14498.7225,0.1061825,-0.04449625,-0.05539125
https://data.plantphenomics.org.au/ANU/UreaseInhibitor/bu_CohortCtU,2024-10-04,4725.87625,0.017005,59395.25,55847.125,205365.125,24514.5,86773.125,38614.5,0.00025,245168.125,22404.7375,0.15690375,-0.06445125,-0.08152
https://data.plantphenomics.org.au/ANU/UreaseInhibitor/bu_CohortCtU,2024-10-11,28932.53,0.0404725,89890.625,65519.39,124111.125,23004.70125,282371.27125,135433.6,0.00125,187859.0,60916.75,0.1845675,-0.02577125,-0.029814999999999998
https://data.plantphenomics.org.au/ANU/UreaseInhibitor/bu_CohortCtU,2024-10-18,103646.05,0.07271625,99261.44875,115121.64,389817.125,28365.04875,144243.9275,533937.25,0.004,146901.375,71239.98875,0.22033,0.0296675,0.03650375
https://data.plantphenomics.org.au/ANU/UreaseInhibitor/bu_CohortCtU,2024-10-25,392435.625,0.1304,129887.625,146466.77375,314423.375,33520.25,3034.2,78761.6725,0.012,182031.25,98334.125,0.3604075,0.013395,0.0181425
https://data.plantphenomics.org.au/ANU/UreaseInhibitor/bu_CohortCtU,2024-11-01,1099046.125,0.14405,121955.15125,168502.02125,293039.11,31505.0575,6828.2325,3873.13375,0.026625,171490.75,122819.875,0.37790375,0.00981625,0.0174775
https://data.plantphenomics.org.au/ANU/UreaseInhibitor/bu_CohortCtU,2024-11-08,2386781.25,0.1448675,190614.8275,231459.7525,106888.3325,35561.125,11441.64875,6500.7612500000005,0.044875,153679.0,161301.625,0.4124725,-0.005412500000000001,-0.0005374999999999985
https://data.plantphenomics.org.au/ANU/UreaseInhibitor/bu_CohortCtU,2024-11-15,3281705.0,0.1459425,207004.22,275546.6875,208595.29,33350.875,12877.80625,6806.74875,0.050625,143326.0,174686.44,0.4025575,0.012251250000000002,0.016408750000000003
https://data.plantphenomics.org.au/ANU/UreaseInhibitor/bu_CohortCtU,2024-11-22,4528371.25,0.128655,283042.795,380834.84,200819.29625,26620.72375,14188.575,6770.3925,0.055625,170881.0,236329.75,0.3408875,0.03867,0.05299875
https://data.plantphenomics.org.au/ANU/UreaseInhibitor/bu_CohortCtU,2024-11-29,5893951.25,0.113825,336956.54125,372959.165,204611.125,24395.7825,15010.08625,6592.2125,0.058875,215557.625,287257.0,0.2952125,0.048993749999999996,0.07690875
https://data.plantphenomics.org.au/ANU/UreaseInhibitor/bu_CohortCtU,2024-12-06,5856586.25,0.10826375,392566.875,384662.83875,366395.125,26586.29875,14881.4,7140.91875,0.058374999999999996,174288.125,305488.125,0.2898325,0.064745,0.09774375
https://data.plantphenomics.org.au/ANU/UreaseInhibitor/bu_CohortCtU,2024-12-13,5849040.0,0.075915,357111.90125,517981.32875,523577.0,21474.345,14184.925,6337.8325,0.055625,206201.125,286031.11875,0.225055,0.0947375,0.14403375000000002
https://data.plantphenomics.org.au/ANU/UreaseInhibitor/bu_CohortCtU,2024-12-20,5327113.75,0.065265,421794.125,456922.14875,481135.64875,29459.0,12877.70625,5833.71875,0.050499999999999996,204490.25,331528.75,0.2111025,0.0843375,0.14409249999999998
https://data.plantphenomics.org.au/ANU/UreaseInhibitor/bu_CohortCtNull,2024-10-03,2591.75,-0.015747499999999998,40651.375,36876.375,165449.625,21526.75,40249.37375,24594.5,0.0,181627.5,19438.375,0.04172,-0.02572,-0.013847499999999999
https://data.plantphenomics.org.au/ANU/UreaseInhibitor/bu_CohortCtNull,2024-10-04,27424.07375,0.0564525,61890.485,42820.5,195560.75,18037.0,69482.985,21534.51125,0.00025,255404.0,29443.7875,0.24387625000000002,-0.08255375,-0.05863625
https://data.plantphenomics.org.au/ANU/UreaseInhibitor/bu_CohortCtNull,2024-10-11,36173.8625,0.0556675,89635.18625,113450.375,163654.47,29181.75,312361.74875,164075.125,0.001375,136624.375,62068.91,0.1730925,0.0002987500000000001,-0.0031499999999999996
https://data.plantphenomics.org.au/ANU/UreaseInhibitor/bu_CohortCtNull,2024-10-18,113785.6375,0.134265,97141.29625,131288.875,352683.57125,33551.875,406746.4875,530554.25,0.004,122241.625,85705.0,0.25803625,0.06697499999999999,0.06388875
https://data.plantphenomics.org.au/ANU/UreaseInhibitor/bu_CohortCtNull,2024-10-25,338816.375,0.14449125,139693.625,190393.375,204169.51625,31800.25,2410.4725,1221.855,0.009375,191440.375,108081.0,0.31550875,0.049909999999999996,0.04266875
https://data.plantphenomics.org.au/ANU/UreaseInhibitor/bu_CohortCtNull,2024-11-01,769945.5,0.1531975,167041.7425,242189.0,172107.68375,24296.97125,3982.07625,1800.67125,0.015375,211503.75,152877.375,0.3401275,0.040745,0.03824625
https://data.plantphenomics.org.au/ANU/UreaseInhibitor/bu_CohortCtNull,2024-11-08,1027339.625,0.1400725,205420.5,214462.16,219110.0,27016.125,4983.22875,2147.48125,0.019625,196415.375,159231.75,0.32487375,0.019137499999999998,0.02281625
https://data.plantphenomics.org.au/ANU/UreaseInhibitor/bu_CohortCtNull,2024-11-15,1310011.75,0.14491874999999999,177409.59,300085.625,314487.125,27278.5,5522.842500000001,2407.845,0.02175,191832.125,191923.25,0.30465,0.04742,0.050963749999999995
https://data.plantphenomics.org.au/ANU/UreaseInhibitor/bu_CohortCtNull,2024-11-22,1987717.5,0.13041125,223396.315,284825.59625,389423.5,20943.61625,6846.7075,2657.0225,0.02675,216518.25,173149.9125,0.26672875,0.0691775,0.0960625
https://data.plantphenomics.org.au/ANU/UreaseInhibitor/bu_CohortCtNull,2024-11-29,2463920.0,0.10656625,272213.7475,439866.125,516394.625,20918.1875,7382.38875,2982.705,0.02875,185981.5,282866.75,0.223885,0.08487125000000001,0.11877625
https://data.plantphenomics.org.au/ANU/UreaseInhibitor/bu_CohortCtNull,2024-12-06,2527370.0,0.07349125,368315.15,547586.0,408191.54625,19899.70125,6012.64,2152.80625,0.023625,254265.0,354018.25,0.1456075,0.09654875,0.15574625
https://data.plantphenomics.org.au/ANU/UreaseInhibitor/bu_CohortCtNull,2024-12-13,2319721.0,0.0705225,359220.06625,499617.86,449328.5725,24421.125,5411.13125,2015.54,0.021125,154632.75,353224.25,0.15628875,0.086525,0.15139249999999999
https://data.plantphenomics.org.au/ANU/UreaseInhibitor/bu_CohortCtNull,2024-12-20,2194721.25,0.04890875,445911.125,478157.86375,528437.5,21920.76375,5020.73125,115952.0475,0.019625,205957.125,302461.04625,0.1194425,0.08743125,0.1655725
https://data.plantphenomics.org.au/ANU/UreaseInhibitor/bu_CohortNBPT,2024-10-03,70050.7075,0.01732375,52181.375,28214.95,217798.75,14952.8025,42093.375,14451.50625,0.0,347600.625,16124.375,0.09763999999999999,-0.0432925,-0.04892875
https://data.plantphenomics.org.au/ANU/UreaseInhibitor/bu_CohortNBPT,2024-10-04,6942.9325,-0.00212,26886.4275,46540.58,177327.35875,20812.875,82314.07375,23026.83625,0.000375,237122.375,24262.71375,0.03282375,0.00025625000000000094,0.01142
https://data.plantphenomics.org.au/ANU/UreaseInhibitor/bu_CohortNBPT,2024-10-11,38175.65,0.067875,108637.25,105603.79875,111401.87125,27060.625,329700.72,155806.875,0.001375,222770.375,80488.625,0.24333875,-0.026388750000000002,-0.02087
https://data.plantphenomics.org.au/ANU/UreaseInhibitor/bu_CohortNBPT,2024-10-18,105126.3125,0.078395,82980.035,96989.58375,466135.55625,32019.0,299344.0575,627970.125,0.00425,154373.875,59332.14,0.22047624999999998,0.02633125,0.038066249999999996
https://data.plantphenomics.org.au/ANU/UreaseInhibitor/bu_CohortNBPT,2024-10-25,290930.625,0.12372375,111420.375,127666.12,300258.105,26194.74,2625.43125,105091.76625,0.010125,173141.375,82944.15875,0.3336225,0.020862500000000003,0.0209525
https://data.plantphenomics.org.au/ANU/UreaseInhibitor/bu_CohortNBPT,2024-11-01,917959.375,0.141445,160025.44125,194435.3875,211279.31375,34410.0,5203.82625,2852.66875,0.020375,136227.75,139461.95125,0.39180125,-0.0009550000000000001,0.00530125
https://data.plantphenomics.org.au/ANU/UreaseInhibitor/bu_CohortNBPT,2024-11-08,2063582.5,0.15559499999999998,198145.0,263303.75,229910.875,34572.5,10405.57125,5655.76625,0.040875,177613.125,132218.88875,0.43255375,0.0024762500000000006,0.0030212499999999988
https://data.plantphenomics.org.au/ANU/UreaseInhibitor/bu_CohortNBPT,2024-11-15,3367230.0,0.162225,256718.0,332393.5,118606.625,20547.78125,13169.9375,6855.40875,0.051875000000000004,188201.625,151528.06875,0.44535625,0.00394625,0.0075762500000000005
https://data.plantphenomics.org.au/ANU/UreaseInhibitor/bu_CohortNBPT,2024-11-22,5711750.0,0.1408025,344372.875,444347.125,115970.375,26687.57125,16606.1875,7983.06375,0.065125,197671.125,220447.77375,0.38756625,0.01294,0.02699375
https://data.plantphenomics.org.au/ANU/UreaseInhibitor/bu_CohortNBPT,2024-11-29,7208295.0,0.13226875,332500.83,516790.375,331018.375,29196.125,18901.5375,8584.10875,0.07425,205357.375,244867.88375,0.35509375,0.03035875,0.04623125
https://data.plantphenomics.org.au/ANU/UreaseInhibitor/bu_CohortNBPT,2024-12-06,7790832.5,0.11660375,434688.5,561773.5,391411.86875,29973.875,17872.9,8223.616250000001,0.07012499999999999,177394.5,289871.6425,0.31117,0.05553,0.08024
https://data.plantphenomics.org.au/ANU/UreaseInhibitor/bu_CohortNBPT,2024-12-13,8636026.25,0.0955425,336795.48,519236.59,462405.75,25248.475,18945.4375,8277.33375,0.074375,206030.5,343613.25,0.2600725,0.0761775,0.11549375
https://data.plantphenomics.org.au/ANU/UreaseInhibitor/bu_CohortNBPT,2024-12-20,7121785.0,0.0718575,298041.95625,529646.26375,410911.375,28684.125,15556.125,6707.23125,0.061125,185978.375,262078.17625,0.21563875,0.0892825,0.140035
https://data.plantphenomics.org.au/ANU/UreaseInhibitor/bu_CohortHyd,2024-10-03,377325.05875,0.0149675,36723.995,12142.65375,251651.875,15766.0425,21794.53875,18135.61125,0.0,204231.0,27446.625,0.10741875000000001,-0.03188125,-0.024106250000000003
https://data.plantphenomics.org.au/ANU/UreaseInhibitor/bu_CohortHyd,2024-10-04,6871.86875,0.042284999999999996,59513.125,60089.0,403719.75,27040.125,100623.64875,52192.875,0.0005,250379.125,35652.6725,0.14456125,-0.0098675,-0.0069175
https://data.plantphenomics.org.au/ANU/UreaseInhibitor/bu_CohortHyd,2024-10-11,30360.215,0.055495,105965.25,84635.5,273823.0,15866.01625,193026.855,64825.1625,0.0011250000000000001,212783.875,70950.92,0.22069,-0.028108750000000002,-0.015885
https://data.plantphenomics.org.au/ANU/UreaseInhibitor/bu_CohortHyd,2024-10-18,141656.7,0.08332,108522.125,97531.1125,270818.465,24527.17625,180663.8625,487112.98625,0.004875,170984.0,69527.515,0.23656375000000002,0.01391625,0.01279
https://data.plantphenomics.org.au/ANU/UreaseInhibitor/bu_CohortHyd,2024-10-25,491238.7,0.13164625,119089.385,122806.6725,529947.625,33888.0,3443.65375,157901.57875,0.0135,160868.0,101135.0,0.35491125,0.0213325,0.0211475
https://data.plantphenomics.org.au/ANU/UreaseInhibitor/bu_CohortHyd,2024-11-01,968510.2875,0.14662,111557.785,180823.75,301632.11875,26837.83,6581.63875,41492.9,0.025750000000000002,150668.75,104424.125,0.3949525,0.01846375,0.015266249999999999
https://data.plantphenomics.org.au/ANU/UreaseInhibitor/bu_CohortHyd,2024-11-08,2426491.25,0.15746125,207466.125,242865.675,118765.0,35290.5,11240.73,6239.64875,0.044,174061.5,159135.375,0.43698875,-0.0034474999999999983,0.005910000000000001
https://data.plantphenomics.org.au/ANU/UreaseInhibitor/bu_CohortHyd,2024-11-15,3668110.75,0.1563075,221867.4875,291065.81125,215121.14125,29029.8825,14308.95875,7488.79875,0.05625,98483.625,197484.625,0.4209775,0.0044712499999999995,0.011548750000000002
https://data.plantphenomics.org.au/ANU/UreaseInhibitor/bu_CohortHyd,2024-11-22,5057178.75,0.13034125,278644.94375,368276.55125,199493.65625,29938.625,15514.4425,7202.065,0.060875,177431.75,221522.92,0.35849625,0.02565625,0.03788875
https://data.plantphenomics.org.au/ANU/UreaseInhibitor/bu_CohortHyd,2024-11-29,5959731.25,0.12046625,294423.5025,495935.125,327904.875,20586.415,15572.12375,6855.07875,0.061125,187612.75,253915.00125,0.33052875,0.025858750000000003,0.0445775
https://data.plantphenomics.org.au/ANU/UreaseInhibitor/bu_CohortHyd,2024-12-06,7198210.0,0.096985,259043.005,425853.02875,476730.38125,28933.375,17368.95,7718.78625,0.06825,207207.125,321416.0,0.283845,0.05238375,0.086905
https://data.plantphenomics.org.au/ANU/UreaseInhibitor/bu_CohortHyd,2024-12-13,7286847.5,0.0742925,380815.24625,463307.66,504106.0,25848.94125,16690.25,7437.12625,0.065625,183555.625,339939.25,0.23093,0.0790025,0.12780750000000002
https://data.plantphenomics.org.au/ANU/UreaseInhibitor/bu_CohortHyd,2024-12-20,7394258.75,0.06286625,389663.06125,541470.8725,492827.25,28549.25,16015.425000000001,6842.835,0.063,137884.375,359671.625,0.20389875,0.07963625,0.13947625
https://data.plantphenomics.org.au/ANU/UreaseInhibitor/bu_CohortCat,2024-10-03,95560.7575,0.0599,37907.5,15571.44875,348402.625,18580.91125,58596.875,30741.968,0.000125,314995.0,17917.8,0.14495875,-0.07619375,-0.08682
https://data.plantphenomics.org.au/ANU/UreaseInhibitor/bu_CohortCat,2024-10-04,45722.615,0.0541225,36854.54375,43159.0,362658.25,19496.23875,93594.0,35447.141375,0.000125,275661.125,26187.565,0.1514875,-0.03245875,-0.005572500000000001
https://data.plantphenomics.org.au/ANU/UreaseInhibitor/bu_CohortCat,2024-10-11,30114.225,0.07289875,104668.4525,121134.25,256208.625,18882.95125,261670.25,109927.75,0.00125,257241.5,86044.375,0.281855,-0.047667499999999995,-0.03323875
https://data.plantphenomics.org.au/ANU/UreaseInhibitor/bu_CohortCat,2024-10-18,131712.5125,0.088585,100468.0325,137604.5,466147.47125,29510.025,73564.59875,508958.45875,0.004125,164711.25,87644.875,0.2709875,0.00787375,0.01892375
https://data.plantphenomics.org.au/ANU/UreaseInhibitor/bu_CohortCat,2024-10-25,394414.125,0.11509,119157.40375,128909.4825,379193.02,28265.345,110914.9625,118308.7875,0.010875000000000001,172521.125,85764.595,0.3353,0.008883750000000001,0.0152025
https://data.plantphenomics.org.au/ANU/UreaseInhibitor/bu_CohortCat,2024-11-01,1022161.5,0.127055,118796.82125,202383.73,82260.68875,30620.485,5534.9025,2935.98125,0.021625000000000002,134647.25,134201.0,0.37154625,0.008276249999999999,0.02113
https://data.plantphenomics.org.au/ANU/UreaseInhibitor/bu_CohortCat,2024-11-08,2289789.0,0.15065499999999998,226342.75,268497.5675,104093.17375,34061.125,10130.57875,5360.73,0.04,159417.625,182233.75,0.42806625,-0.01424375,-0.0036212500000000003
https://data.plantphenomics.org.au/ANU/UreaseInhibitor/bu_CohortCat,2024-11-15,3304150.0,0.15955375,277902.0,271665.72125,102524.74375,33126.875,11793.27375,6173.79875,0.04625,164851.75,159922.9475,0.42066625,0.01507875,0.01809875
https://data.plantphenomics.org.au/ANU/UreaseInhibitor/bu_CohortCat,2024-11-22,4554746.25,0.12898625,247925.76625,443872.375,408952.125,30060.125,13857.16125,6586.275,0.054375,202079.125,231536.6175,0.351815,0.0326875,0.047275
https://data.plantphenomics.org.au/ANU/UreaseInhibitor/bu_CohortCat,2024-11-29,5731110.0,0.1262275,289777.68375,440020.20875,416425.8625,28549.875,15018.075,6670.685,0.059,210079.75,299390.375,0.3366925,0.03471625,0.058687500000000004
https://data.plantphenomics.org.au/ANU/UreaseInhibitor/bu_CohortCat,2024-12-06,6357697.5,0.1123375,259629.67125,497353.95,493667.74625,25336.865,15428.5875,6839.7025,0.0605,208163.625,327237.875,0.31019874999999997,0.046171250000000004,0.077485
https://data.plantphenomics.org.au/ANU/UreaseInhibitor/bu_CohortCat,2024-12-13,6831172.5,0.08803,382245.365,576941.0,439271.5,24463.12625,15910.4875,6895.59875,0.0625,189931.375,341470.75,0.25248875,0.068355,0.10996500000000001
https://data.plantphenomics.org.au/ANU/UreaseInhibitor/bu_CohortCat,2024-12-20,6126871.25,0.08023,432734.625,604421.875,435817.125,24129.60875,14220.0125,5999.01125,0.055875,188689.5,292673.7,0.23967875,0.069035,0.12020499999999999
https://data.plantphenomics.org.au/ANU/UreaseInhibitor/bu_CohortBromCat,2024-10-03,120717.1575,0.0117975,13524.11625,14243.25,141700.875,10266.27875,30791.07,18633.955,0.0,129282.25,6245.10025,0.07576125,-0.0410825,-0.03626375
https://data.plantphenomics.org.au/ANU/UreaseInhibitor/bu_CohortBromCat,2024-10-04,193590.64025,0.04437125,32724.90725,22860.75,185871.03,37805.25,84652.945,51703.4025,0.000375,181583.0,15170.965,0.15259875,-0.020886250000000002,-0.0019187500000000008
https://data.plantphenomics.org.au/ANU/UreaseInhibitor/bu_CohortBromCat,2024-10-11,136319.375,0.04023625,88160.25,85923.375,184846.75,12432.485,220674.25,70956.3475,0.001,224331.5,52370.2125,0.2052525,-0.047455000000000004,-0.0329225
https://data.plantphenomics.org.au/ANU/UreaseInhibitor/bu_CohortBromCat,2024-10-18,183899.15,0.07817249999999999,94579.3725,134429.25,432137.125,31074.5,375666.7,403742.875,0.003,168912.125,78113.46,0.2339475,0.00586625,0.0179525
https://data.plantphenomics.org.au/ANU/UreaseInhibitor/bu_CohortBromCat,2024-10-25,286140.6875,0.1074675,88517.17125,106427.84125,85653.7775,21138.68125,72056.5425,35762.455,0.009125,138929.375,69720.3475,0.30353,0.00954875,0.01262125
https://data.plantphenomics.org.au/ANU/UreaseInhibitor/bu_CohortBromCat,2024-11-01,890951.72875,0.12782374999999999,104929.99625,177507.3875,250519.75,30034.31375,29158.54375,105901.74375,0.02,179697.625,129282.125,0.364035,0.0034774999999999993,0.0073062499999999985
https://data.plantphenomics.org.au/ANU/UreaseInhibitor/bu_CohortBromCat,2024-11-08,2056269.45,0.152125,190778.0,170134.8875,189407.12375,29453.12875,100542.32625,52422.45625,0.037625,117085.875,127029.46,0.41641125,0.004991250000000001,0.007141249999999999
https://data.plantphenomics.org.au/ANU/UreaseInhibitor/bu_CohortBromCat,2024-11-15,3119628.25,0.1423625,208251.1325,264192.66875,181343.2625,32057.0,12389.46125,116894.5225,0.04875,190550.625,182284.75,0.41167375,-0.0018149999999999972,0.0064525
https://data.plantphenomics.org.au/ANU/UreaseInhibitor/bu_CohortBromCat,2024-11-22,4240722.5,0.1395175,288141.375,386948.875,319000.26,27545.87125,14263.85375,6972.41,0.056,192137.0,180428.16625,0.38133125,0.01791,0.0273075
https://data.plantphenomics.org.au/ANU/UreaseInhibitor/bu_CohortBromCat,2024-11-29,5755338.75,0.1214925,353028.625,440260.125,223333.5,29125.75,15798.23,7187.5275,0.062125,206720.75,227890.84375,0.33883375,0.03027125,0.047052500000000004
https://data.plantphenomics.org.au/ANU/UreaseInhibitor/bu_CohortBromCat,2024-12-06,6761263.75,0.11010249999999999,303125.93875,450971.9,403672.08,21774.45,16380.57375,7412.1,0.064125,178556.25,311413.25,0.297885,0.054995,0.0816225
https://data.plantphenomics.org.au/ANU/UreaseInhibitor/bu_CohortBromCat,2024-12-13,6465961.25,0.08195625000000001,438870.5,440199.0,368213.0,24791.9975,14736.4075,6414.015,0.057875,183988.125,338849.125,0.2252775,0.095305,0.14010375
https://data.plantphenomics.org.au/ANU/UreaseInhibitor/bu_CohortBromCat,2024-12-20,5444680.0,0.061288749999999996,441580.125,576209.125,392863.8925,24367.84625,12295.175,5214.99125,0.04825,191186.25,296811.00375,0.19646625,0.09129,0.14856625
https://data.plantphenomics.org.au/ANU/UreaseInhibitor/bu_CohortBQ1,2024-10-03,101585.60625,0.0042699999999999995,24000.5,11656.875,254125.125,15488.59625,32246.53,20809.081375,0.000125,284753.125,10486.525,0.121675,-0.06639625,-0.07514124999999999
https://data.plantphenomics.org.au/ANU/UreaseInhibitor/bu_CohortBQ1,2024-10-04,4620.43375,-0.006523750000000001,41259.375,27906.22,171406.87125,19113.75,60113.33875,29422.625,0.000125,316783.0,29510.5,0.12988625,-0.042156250000000006,-0.050458750000000004
https://data.plantphenomics.org.au/ANU/UreaseInhibitor/bu_CohortBQ1,2024-10-11,28705.80875,0.02481125,95615.5,107279.75,236368.75375,23900.72375,260668.8025,91796.01625,0.001,225660.25,63134.31875,0.160305,-0.0176225,-0.007804999999999999
https://data.plantphenomics.org.au/ANU/UreaseInhibitor/bu_CohortBQ1,2024-10-18,74860.805,0.07748,71696.375,89432.5,264511.365,33277.5,285018.8925,356158.79625,0.0032500000000000003,190552.5,56877.25,0.25633875,-0.0068024999999999995,0.00401
https://data.plantphenomics.org.au/ANU/UreaseInhibitor/bu_CohortBQ1,2024-10-25,435269.5,0.128855,149803.375,197022.125,209094.75,24142.145,121742.4925,183867.71625,0.011125,190197.5,105750.8025,0.36869,-0.0141025,-0.0037974999999999997
https://data.plantphenomics.org.au/ANU/UreaseInhibitor/bu_CohortBQ1,2024-11-01,1210574.375,0.1467,162591.625,192575.325,213963.53375,33305.0,7300.6325,3845.52,0.028625,165271.125,103804.0975,0.418645,-0.0012099999999999984,0.00354875
https://data.plantphenomics.org.au/ANU/UreaseInhibitor/bu_CohortBQ1,2024-11-08,2620450.0,0.16437125,150040.15625,286113.5,103982.3225,28647.7475,12736.53375,6717.6025,0.05,158930.25,137356.79625,0.442065,-0.0023975000000000003,0.00439875
https://data.plantphenomics.org.au/ANU/UreaseInhibitor/bu_CohortBQ1,2024-11-15,3966843.75,0.15795125,226276.09375,311367.03875,114209.0,24456.68125,14892.65,7528.605,0.058249999999999996,169364.875,186187.79,0.41336625,0.0192025,0.01646875
https://data.plantphenomics.org.au/ANU/UreaseInhibitor/bu_CohortBQ1,2024-11-22,5614057.5,0.13971625000000001,320682.0,428699.0,653171.0,26387.8,17294.375,8209.26375,0.067875,175522.5,237426.625,0.35518,0.0484775,0.057925000000000004
https://data.plantphenomics.org.au/ANU/UreaseInhibitor/bu_CohortBQ1,2024-11-29,6349931.25,0.12952375,362102.75,432254.715,543926.375,22594.175,17509.1375,7967.625,0.06862499999999999,183765.125,205292.585,0.32393375,0.05399,0.06859
https://data.plantphenomics.org.au/ANU/UreaseInhibitor/bu_CohortBQ1,2024-12-06,7146892.5,0.12493625,300171.14,416946.86125,419928.0,30130.25,17725.075,8286.27125,0.06962499999999999,199677.125,305050.375,0.31746625,0.064695,0.08726375
https://data.plantphenomics.org.au/ANU/UreaseInhibitor/bu_CohortBQ1,2024-12-13,6852548.75,0.09113500000000001,419587.125,594121.375,571721.125,26078.055,16316.587500000001,7566.6975,0.064,199913.5,283717.9575,0.24810875,0.094635,0.134785
https://data.plantphenomics.org.au/ANU/UreaseInhibitor/bu_CohortBQ1,2024-12-20,6749857.5,0.07884125,376231.5475,537502.0525,729865.75,29700.875,15407.35,6850.27875,0.060625,181492.5,340424.875,0.22072875,0.09862,0.15130375
https://data.plantphenomics.org.au/ANU/UreaseInhibitor/bu_CohortCtA,2024-10-03,227024.255,0.04960125,38006.25,14614.0,109683.08875,16473.625,27945.5,11323.5,0.0,231330.125,11545.44,0.21066000000000001,-0.0811175,-0.084105
https://data.plantphenomics.org.au/ANU/UreaseInhibitor/bu_CohortCtA,2024-10-04,12020.85125,0.07793875,52763.23375,52905.875,272084.875,29165.875,95920.708625,44034.46875,0.000375,224273.875,20501.37625,0.24873125000000001,-0.03669875,-0.0346025
https://data.plantphenomics.org.au/ANU/UreaseInhibitor/bu_CohortCtA,2024-10-11,44231.6,0.04277,78089.875,82721.63125,160217.2475,26510.88125,434417.1975,309298.875,0.002125,154224.375,48321.39375,0.16435625,-0.0035687500000000003,0.0005400000000000004
https://data.plantphenomics.org.au/ANU/UreaseInhibitor/bu_CohortCtA,2024-10-18,129982.5,0.10562250000000001,95195.125,71406.995,247353.75,35399.25,161966.92625,400472.57625,0.00475,154275.375,75913.875,0.2846175,0.0125925,0.0073425
https://data.plantphenomics.org.au/ANU/UreaseInhibitor/bu_CohortCtA,2024-10-25,422810.125,0.1370275,96527.82875,103526.2575,299772.66875,29845.75,42994.23875,17847.82,0.014374999999999999,179617.125,81913.4825,0.36209,0.0230675,0.0256575
https://data.plantphenomics.org.au/ANU/UreaseInhibitor/bu_CohortCtA,2024-11-01,1089553.375,0.1348125,168051.625,205821.66,335463.5,33009.5,6327.46375,84593.80125,0.02475,184418.125,131182.0,0.37944375,0.0031287500000000005,0.013648750000000001
https://data.plantphenomics.org.au/ANU/UreaseInhibitor/bu_CohortCtA,2024-11-08,2180969.75,0.145505,183558.38,254670.06375,217053.5,24962.515,10143.60625,5271.27625,0.039875,165669.5,149975.535,0.40512,0.0021424999999999986,0.002869999999999999
https://data.plantphenomics.org.au/ANU/UreaseInhibitor/bu_CohortCtA,2024-11-15,2784317.5,0.13543625,217613.50875,312589.4325,221931.125,25719.15125,10758.813750000001,5173.0737500000005,0.042125,155327.375,175357.38625,0.36871125,0.02685,0.0325725
https://data.plantphenomics.org.au/ANU/UreaseInhibitor/bu_CohortCtA,2024-11-22,4250766.25,0.11942875,284967.185,425486.5,292946.25125,27314.0,12709.65625,5555.19375,0.05,220182.625,214863.16875,0.32658,0.04345875,0.05425625
https://data.plantphenomics.org.au/ANU/UreaseInhibitor/bu_CohortCtA,2024-11-29,4786621.25,0.11384875,373149.5,305603.995,297539.5,23320.93125,12617.90625,5347.21625,0.049625,222272.0,283374.25,0.3049325,0.0465525,0.06767125
https://data.plantphenomics.org.au/ANU/UreaseInhibitor/bu_CohortCtA,2024-12-06,5451665.0,0.1019075,420672.25,587631.5,377680.49,24485.2775,12933.7125,5760.29,0.050625,140604.25,288917.495,0.28319,0.054357499999999996,0.08390625
https://data.plantphenomics.org.au/ANU/UreaseInhibitor/bu_CohortCtA,2024-12-13,5760070.0,0.0778775,370051.59125,602145.625,639952.375,29106.75,13609.2625,6053.6625,0.053375,157059.125,257512.8275,0.23975625,0.08098375000000001,0.1243825
https://data.plantphenomics.org.au/ANU/UreaseInhibitor/bu_CohortCtA,2024-12-20,5670606.25,0.07229875,441703.875,531381.9475,627070.625,28231.875,12716.73125,5483.99875,0.05,158755.125,352478.625,0.21556,0.08293375,0.128075
